id,year,wave,country_new,nuts2_region,trust_eu,eu_pos,ec_exp,attach_cntry,trust_gov,lr,lr2,age,gender,edu,occ,gdp_reg,gdp_reg_ch_5,gdp_reg_ch_3,gdp_reg_ch_1,gdp_reg_gr,gdp_reg_gr_ch,gdp_reg_gr_ch_wlth,gdp_nat,GDP_2009,GDP_2010,GDP_2011,GDP_2012,GDP_2013,GDP_2014,GDP_2015,GDP_2016,GDP_2017,GDP_2018,GDP_2019,GDP_2020,_merge,nonmiss
2226,2016.0,862.0,1,AT11,0,0,2,0,0,,,69,1,2.0,0,25600.0,3500.0,1800.0,600.0,2.0,2.0,5.0,36600.0,20400.0,21200.0,22100.0,23400.0,23800.0,24100.0,25000.0,25600.0,26400.0,27100.0,27800.0,26400.0,3,0.0
2427,2017.0,873.0,1,AT11,0,0,2,0,1,,,71,1,2.0,0,26400.0,3000.0,2300.0,800.0,2.0,2.0,5.0,37200.0,20400.0,21200.0,22100.0,23400.0,23800.0,24100.0,25000.0,25600.0,26400.0,27100.0,27800.0,26400.0,3,0.0
682,2014.0,823.0,1,AT11,0,0,3,,1,3,9.0,65,0,3.0,,24100.0,,2000.0,300.0,2.0,,,,20400.0,21200.0,22100.0,23400.0,23800.0,24100.0,25000.0,25600.0,26400.0,27100.0,27800.0,26400.0,3,1.0
12968302,2011.0,753.0,1,AT11,1,1,3,,1,4,16.0,45,1,2.0,,22100.0,,,900.0,2.0,,,,20400.0,21200.0,22100.0,23400.0,23800.0,24100.0,25000.0,25600.0,26400.0,27100.0,27800.0,26400.0,3,1.0
608,2015.0,833.0,1,AT11,1,1,2,,1,6,36.0,68,0,2.0,0,25000.0,3800.0,1600.0,900.0,2.0,2.0,5.0,35900.0,20400.0,21200.0,22100.0,23400.0,23800.0,24100.0,25000.0,25600.0,26400.0,27100.0,27800.0,26400.0,3,1.0
1461,2018.0,903.0,1,AT11,1,1,2,0,0,3,9.0,40,1,2.0,1,27100.0,3300.0,2100.0,700.0,2.0,2.0,5.0,38600.0,20400.0,21200.0,22100.0,23400.0,23800.0,24100.0,25000.0,25600.0,26400.0,27100.0,27800.0,26400.0,3,1.0
2386,2016.0,852.0,1,AT11,0,0,2,,0,5,25.0,51,0,2.0,1,25600.0,3500.0,1800.0,600.0,2.0,2.0,5.0,36600.0,20400.0,21200.0,22100.0,23400.0,23800.0,24100.0,25000.0,25600.0,26400.0,27100.0,27800.0,26400.0,3,1.0
2756,2015.0,843.0,1,AT11,1,0,2,0,1,4,16.0,79,0,2.0,0,25000.0,3800.0,1600.0,900.0,2.0,2.0,5.0,35900.0,20400.0,21200.0,22100.0,23400.0,23800.0,24100.0,25000.0,25600.0,26400.0,27100.0,27800.0,26400.0,3,1.0
1697,2015.0,833.0,1,AT11,0,1,3,,1,5,25.0,49,0,2.0,1,25000.0,3800.0,1600.0,900.0,2.0,2.0,5.0,35900.0,20400.0,21200.0,22100.0,23400.0,23800.0,24100.0,25000.0,25600.0,26400.0,27100.0,27800.0,26400.0,3,1.0
512,2014.0,823.0,1,AT11,0,0,1,,0,,,69,0,2.0,,24100.0,,2000.0,300.0,2.0,,,,20400.0,21200.0,22100.0,23400.0,23800.0,24100.0,25000.0,25600.0,26400.0,27100.0,27800.0,26400.0,3,0.0
857102,2013.0,793.0,1,AT11,0,0,1,,0,,,73,1,2.0,,23800.0,,2600.0,400.0,2.0,,,,20400.0,21200.0,22100.0,23400.0,23800.0,24100.0,25000.0,25600.0,26400.0,27100.0,27800.0,26400.0,3,0.0
622,2015.0,833.0,1,AT11,1,0,1,,1,,,38,1,2.0,1,25000.0,3800.0,1600.0,900.0,2.0,2.0,5.0,35900.0,20400.0,21200.0,22100.0,23400.0,23800.0,24100.0,25000.0,25600.0,26400.0,27100.0,27800.0,26400.0,3,0.0
968308,2013.0,801.0,1,AT11,0,0,3,,1,,,67,1,1.0,,23800.0,,2600.0,400.0,2.0,,,,20400.0,21200.0,22100.0,23400.0,23800.0,24100.0,25000.0,25600.0,26400.0,27100.0,27800.0,26400.0,3,0.0
856413,2014.0,812.0,1,AT11,,1,2,,,6,36.0,53,0,2.0,,24100.0,,2000.0,300.0,2.0,,,,20400.0,21200.0,22100.0,23400.0,23800.0,24100.0,25000.0,25600.0,26400.0,27100.0,27800.0,26400.0,3,0.0
2044,2014.0,814.0,1,AT11,0,0,2,,0,5,25.0,71,1,2.0,,24100.0,,2000.0,300.0,2.0,,,,20400.0,21200.0,22100.0,23400.0,23800.0,24100.0,25000.0,25600.0,26400.0,27100.0,27800.0,26400.0,3,1.0
12850510,2010.0,742.0,1,AT11,1,0,2,,1,6,36.0,64,1,2.0,,21200.0,,,,2.0,,,,20400.0,21200.0,22100.0,23400.0,23800.0,24100.0,25000.0,25600.0,26400.0,27100.0,27800.0,26400.0,3,1.0
2024,2018.0,891.0,1,AT11,0,0,2,0,1,6,36.0,65,1,2.0,0,27100.0,3300.0,2100.0,700.0,2.0,2.0,5.0,38600.0,20400.0,21200.0,22100.0,23400.0,23800.0,24100.0,25000.0,25600.0,26400.0,27100.0,27800.0,26400.0,3,1.0
153,2014.0,814.0,1,AT11,1,1,3,,1,4,16.0,54,0,3.0,,24100.0,,2000.0,300.0,2.0,,,,20400.0,21200.0,22100.0,23400.0,23800.0,24100.0,25000.0,25600.0,26400.0,27100.0,27800.0,26400.0,3,1.0
1510,2019.0,915.0,1,AT11,1,1,2,0,1,5,25.0,70,0,1.0,0,27800.0,3700.0,2200.0,700.0,2.0,2.0,5.0,39400.0,20400.0,21200.0,22100.0,23400.0,23800.0,24100.0,25000.0,25600.0,26400.0,27100.0,27800.0,26400.0,3,1.0
1163,2019.0,923.0,1,AT11,1,1,2,0,1,5,25.0,27,1,1.0,1,27800.0,3700.0,2200.0,700.0,2.0,2.0,5.0,39400.0,20400.0,21200.0,22100.0,23400.0,23800.0,24100.0,25000.0,25600.0,26400.0,27100.0,27800.0,26400.0,3,1.0
968302,2012.0,773.0,1,AT11,1,0,2,,1,,,75,0,1.0,,23400.0,,,1300.0,2.0,,,,20400.0,21200.0,22100.0,23400.0,23800.0,24100.0,25000.0,25600.0,26400.0,27100.0,27800.0,26400.0,3,0.0
2410,2016.0,862.0,1,AT11,1,1,2,0,1,2,4.0,21,0,3.0,0,25600.0,3500.0,1800.0,600.0,2.0,2.0,5.0,36600.0,20400.0,21200.0,22100.0,23400.0,23800.0,24100.0,25000.0,25600.0,26400.0,27100.0,27800.0,26400.0,3,1.0
458,2019.0,923.0,1,AT11,1,1,2,0,0,2,4.0,48,1,2.0,1,27800.0,3700.0,2200.0,700.0,2.0,2.0,5.0,39400.0,20400.0,21200.0,22100.0,23400.0,23800.0,24100.0,25000.0,25600.0,26400.0,27100.0,27800.0,26400.0,3,1.0
12968307,2011.0,753.0,1,AT11,0,0,1,,0,2,4.0,58,1,1.0,,22100.0,,,900.0,2.0,,,,20400.0,21200.0,22100.0,23400.0,23800.0,24100.0,25000.0,25600.0,26400.0,27100.0,27800.0,26400.0,3,1.0
2230,2015.0,833.0,1,AT11,1,0,1,,1,,,74,0,2.0,0,25000.0,3800.0,1600.0,900.0,2.0,2.0,5.0,35900.0,20400.0,21200.0,22100.0,23400.0,23800.0,24100.0,25000.0,25600.0,26400.0,27100.0,27800.0,26400.0,3,0.0
2056,2014.0,823.0,1,AT11,0,0,2,,0,,,44,0,2.0,,24100.0,,2000.0,300.0,2.0,,,,20400.0,21200.0,22100.0,23400.0,23800.0,24100.0,25000.0,25600.0,26400.0,27100.0,27800.0,26400.0,3,0.0
2483,2014.0,814.0,1,AT11,0,0,2,,0,3,9.0,43,0,3.0,,24100.0,,2000.0,300.0,2.0,,,,20400.0,21200.0,22100.0,23400.0,23800.0,24100.0,25000.0,25600.0,26400.0,27100.0,27800.0,26400.0,3,1.0
2142,2019.0,915.0,1,AT11,0,1,2,0,0,2,4.0,25,1,3.0,1,27800.0,3700.0,2200.0,700.0,2.0,2.0,5.0,39400.0,20400.0,21200.0,22100.0,23400.0,23800.0,24100.0,25000.0,25600.0,26400.0,27100.0,27800.0,26400.0,3,1.0
12657306,2011.0,753.0,1,AT11,1,1,3,,0,5,25.0,37,1,3.0,,22100.0,,,900.0,2.0,,,,20400.0,21200.0,22100.0,23400.0,23800.0,24100.0,25000.0,25600.0,26400.0,27100.0,27800.0,26400.0,3,1.0
857148,2013.0,793.0,1,AT11,1,0,1,,1,,,31,0,2.0,,23800.0,,2600.0,400.0,2.0,,,,20400.0,21200.0,22100.0,23400.0,23800.0,24100.0,25000.0,25600.0,26400.0,27100.0,27800.0,26400.0,3,0.0
857309,2012.0,773.0,1,AT11,1,0,3,,1,,,27,1,2.0,,23400.0,,,1300.0,2.0,,,,20400.0,21200.0,22100.0,23400.0,23800.0,24100.0,25000.0,25600.0,26400.0,27100.0,27800.0,26400.0,3,0.0
10522,2015.0,831.0,1,AT11,1,1,3,,1,,,58,0,3.0,1,25000.0,3800.0,1600.0,900.0,2.0,2.0,5.0,35900.0,20400.0,21200.0,22100.0,23400.0,23800.0,24100.0,25000.0,25600.0,26400.0,27100.0,27800.0,26400.0,3,0.0
10524,2015.0,831.0,1,AT11,1,0,3,,1,,,45,0,2.0,1,25000.0,3800.0,1600.0,900.0,2.0,2.0,5.0,35900.0,20400.0,21200.0,22100.0,23400.0,23800.0,24100.0,25000.0,25600.0,26400.0,27100.0,27800.0,26400.0,3,0.0
857303,2012.0,773.0,1,AT11,0,1,2,,1,,,24,0,2.0,,23400.0,,,1300.0,2.0,,,,20400.0,21200.0,22100.0,23400.0,23800.0,24100.0,25000.0,25600.0,26400.0,27100.0,27800.0,26400.0,3,0.0
968310,2011.0,763.0,1,AT11,0,0,2,,,,,32,1,2.0,,22100.0,,,900.0,2.0,,,,20400.0,21200.0,22100.0,23400.0,23800.0,24100.0,25000.0,25600.0,26400.0,27100.0,27800.0,26400.0,3,0.0
12657308,2011.0,753.0,1,AT11,1,0,1,,1,8,64.0,38,0,2.0,,22100.0,,,900.0,2.0,,,,20400.0,21200.0,22100.0,23400.0,23800.0,24100.0,25000.0,25600.0,26400.0,27100.0,27800.0,26400.0,3,1.0
2042,2014.0,823.0,1,AT11,0,0,2,,1,4,16.0,41,1,2.0,,24100.0,,2000.0,300.0,2.0,,,,20400.0,21200.0,22100.0,23400.0,23800.0,24100.0,25000.0,25600.0,26400.0,27100.0,27800.0,26400.0,3,1.0
896415,2014.0,812.0,1,AT11,1,0,1,,1,5,25.0,52,1,2.0,,24100.0,,2000.0,300.0,2.0,,,,20400.0,21200.0,22100.0,23400.0,23800.0,24100.0,25000.0,25600.0,26400.0,27100.0,27800.0,26400.0,3,1.0
857311,2012.0,773.0,1,AT11,,1,1,,,,,30,0,2.0,,23400.0,,,1300.0,2.0,,,,20400.0,21200.0,22100.0,23400.0,23800.0,24100.0,25000.0,25600.0,26400.0,27100.0,27800.0,26400.0,3,0.0
12942208,2010.0,742.0,1,AT11,1,0,2,,1,10,100.0,80,0,1.0,,21200.0,,,,2.0,,,,20400.0,21200.0,22100.0,23400.0,23800.0,24100.0,25000.0,25600.0,26400.0,27100.0,27800.0,26400.0,3,1.0
12942201,2010.0,742.0,1,AT11,0,0,2,,1,6,36.0,55,0,1.0,,21200.0,,,,2.0,,,,20400.0,21200.0,22100.0,23400.0,23800.0,24100.0,25000.0,25600.0,26400.0,27100.0,27800.0,26400.0,3,1.0
10526,2015.0,831.0,1,AT11,,0,3,,1,6,36.0,69,1,1.0,0,25000.0,3800.0,1600.0,900.0,2.0,2.0,5.0,35900.0,20400.0,21200.0,22100.0,23400.0,23800.0,24100.0,25000.0,25600.0,26400.0,27100.0,27800.0,26400.0,3,0.0
2214,2017.0,883.0,1,AT11,0,0,2,0,1,4,16.0,51,0,2.0,1,26400.0,3000.0,2300.0,800.0,2.0,2.0,5.0,37200.0,20400.0,21200.0,22100.0,23400.0,23800.0,24100.0,25000.0,25600.0,26400.0,27100.0,27800.0,26400.0,3,1.0
2052,2014.0,823.0,1,AT11,0,0,1,,0,2,4.0,29,1,3.0,,24100.0,,2000.0,300.0,2.0,,,,20400.0,21200.0,22100.0,23400.0,23800.0,24100.0,25000.0,25600.0,26400.0,27100.0,27800.0,26400.0,3,1.0
2223,2017.0,883.0,1,AT11,0,0,2,0,1,3,9.0,54,0,2.0,1,26400.0,3000.0,2300.0,800.0,2.0,2.0,5.0,37200.0,20400.0,21200.0,22100.0,23400.0,23800.0,24100.0,25000.0,25600.0,26400.0,27100.0,27800.0,26400.0,3,1.0
1488,2014.0,823.0,1,AT11,1,0,2,,1,5,25.0,29,0,2.0,,24100.0,,2000.0,300.0,2.0,,,,20400.0,21200.0,22100.0,23400.0,23800.0,24100.0,25000.0,25600.0,26400.0,27100.0,27800.0,26400.0,3,1.0
886,2017.0,873.0,1,AT11,1,1,3,0,1,1,1.0,41,1,2.0,1,26400.0,3000.0,2300.0,800.0,2.0,2.0,5.0,37200.0,20400.0,21200.0,22100.0,23400.0,23800.0,24100.0,25000.0,25600.0,26400.0,27100.0,27800.0,26400.0,3,1.0
1253,2017.0,883.0,1,AT11,0,1,2,0,0,5,25.0,47,0,2.0,1,26400.0,3000.0,2300.0,800.0,2.0,2.0,5.0,37200.0,20400.0,21200.0,22100.0,23400.0,23800.0,24100.0,25000.0,25600.0,26400.0,27100.0,27800.0,26400.0,3,1.0
1692,2015.0,833.0,1,AT11,0,0,2,,1,2,4.0,40,0,3.0,1,25000.0,3800.0,1600.0,900.0,2.0,2.0,5.0,35900.0,20400.0,21200.0,22100.0,23400.0,23800.0,24100.0,25000.0,25600.0,26400.0,27100.0,27800.0,26400.0,3,1.0
1459,2018.0,903.0,1,AT11,1,0,2,0,0,3,9.0,28,1,2.0,1,27100.0,3300.0,2100.0,700.0,2.0,2.0,5.0,38600.0,20400.0,21200.0,22100.0,23400.0,23800.0,24100.0,25000.0,25600.0,26400.0,27100.0,27800.0,26400.0,3,1.0
896409,2014.0,812.0,1,AT11,1,1,1,,1,7,49.0,82,1,1.0,,24100.0,,2000.0,300.0,2.0,,,,20400.0,21200.0,22100.0,23400.0,23800.0,24100.0,25000.0,25600.0,26400.0,27100.0,27800.0,26400.0,3,1.0
857301,2011.0,763.0,1,AT11,0,0,1,,,,,64,1,2.0,,22100.0,,,900.0,2.0,,,,20400.0,21200.0,22100.0,23400.0,23800.0,24100.0,25000.0,25600.0,26400.0,27100.0,27800.0,26400.0,3,0.0
876111,2014.0,812.0,1,AT11,1,0,2,,1,6,36.0,77,1,2.0,,24100.0,,2000.0,300.0,2.0,,,,20400.0,21200.0,22100.0,23400.0,23800.0,24100.0,25000.0,25600.0,26400.0,27100.0,27800.0,26400.0,3,1.0
1693,2015.0,833.0,1,AT11,0,1,3,,1,5,25.0,41,0,3.0,1,25000.0,3800.0,1600.0,900.0,2.0,2.0,5.0,35900.0,20400.0,21200.0,22100.0,23400.0,23800.0,24100.0,25000.0,25600.0,26400.0,27100.0,27800.0,26400.0,3,1.0
914,2019.0,923.0,1,AT11,1,1,2,0,1,2,4.0,35,1,3.0,1,27800.0,3700.0,2200.0,700.0,2.0,2.0,5.0,39400.0,20400.0,21200.0,22100.0,23400.0,23800.0,24100.0,25000.0,25600.0,26400.0,27100.0,27800.0,26400.0,3,1.0
2426,2017.0,873.0,1,AT11,1,1,3,0,1,,,63,0,3.0,1,26400.0,3000.0,2300.0,800.0,2.0,2.0,5.0,37200.0,20400.0,21200.0,22100.0,23400.0,23800.0,24100.0,25000.0,25600.0,26400.0,27100.0,27800.0,26400.0,3,0.0
2100,2019.0,915.0,1,AT11,0,0,3,0,0,6,36.0,32,1,2.0,1,27800.0,3700.0,2200.0,700.0,2.0,2.0,5.0,39400.0,20400.0,21200.0,22100.0,23400.0,23800.0,24100.0,25000.0,25600.0,26400.0,27100.0,27800.0,26400.0,3,1.0
671,2016.0,852.0,1,AT11,,1,3,,1,5,25.0,43,1,3.0,1,25600.0,3500.0,1800.0,600.0,2.0,2.0,5.0,36600.0,20400.0,21200.0,22100.0,23400.0,23800.0,24100.0,25000.0,25600.0,26400.0,27100.0,27800.0,26400.0,3,0.0
232,2015.0,843.0,1,AT11,,1,3,0,1,5,25.0,32,1,2.0,1,25000.0,3800.0,1600.0,900.0,2.0,2.0,5.0,35900.0,20400.0,21200.0,22100.0,23400.0,23800.0,24100.0,25000.0,25600.0,26400.0,27100.0,27800.0,26400.0,3,0.0
2235,2017.0,883.0,1,AT11,1,1,3,0,1,,,46,1,3.0,1,26400.0,3000.0,2300.0,800.0,2.0,2.0,5.0,37200.0,20400.0,21200.0,22100.0,23400.0,23800.0,24100.0,25000.0,25600.0,26400.0,27100.0,27800.0,26400.0,3,0.0
2539,2018.0,891.0,1,AT11,0,1,3,0,0,4,16.0,45,1,2.0,1,27100.0,3300.0,2100.0,700.0,2.0,2.0,5.0,38600.0,20400.0,21200.0,22100.0,23400.0,23800.0,24100.0,25000.0,25600.0,26400.0,27100.0,27800.0,26400.0,3,1.0
1122,2019.0,923.0,1,AT11,0,0,2,0,0,3,9.0,36,1,3.0,1,27800.0,3700.0,2200.0,700.0,2.0,2.0,5.0,39400.0,20400.0,21200.0,22100.0,23400.0,23800.0,24100.0,25000.0,25600.0,26400.0,27100.0,27800.0,26400.0,3,1.0
857317,2012.0,773.0,1,AT11,0,1,2,,1,,,81,0,2.0,,23400.0,,,1300.0,2.0,,,,20400.0,21200.0,22100.0,23400.0,23800.0,24100.0,25000.0,25600.0,26400.0,27100.0,27800.0,26400.0,3,0.0
1474,2014.0,823.0,1,AT11,1,0,1,,1,,,64,1,2.0,,24100.0,,2000.0,300.0,2.0,,,,20400.0,21200.0,22100.0,23400.0,23800.0,24100.0,25000.0,25600.0,26400.0,27100.0,27800.0,26400.0,3,0.0
2080,2016.0,852.0,1,AT11,1,1,3,,1,2,4.0,29,1,3.0,1,25600.0,3500.0,1800.0,600.0,2.0,2.0,5.0,36600.0,20400.0,21200.0,22100.0,23400.0,23800.0,24100.0,25000.0,25600.0,26400.0,27100.0,27800.0,26400.0,3,1.0
968308,2011.0,763.0,1,AT11,1,1,2,,1,,,78,0,1.0,,22100.0,,,900.0,2.0,,,,20400.0,21200.0,22100.0,23400.0,23800.0,24100.0,25000.0,25600.0,26400.0,27100.0,27800.0,26400.0,3,0.0
100032,2011.0,763.0,1,AT11,1,0,1,,1,,,60,1,1.0,,22100.0,,,900.0,2.0,,,,20400.0,21200.0,22100.0,23400.0,23800.0,24100.0,25000.0,25600.0,26400.0,27100.0,27800.0,26400.0,3,0.0
1465,2018.0,903.0,1,AT11,1,1,2,0,1,2,4.0,28,1,2.0,1,27100.0,3300.0,2100.0,700.0,2.0,2.0,5.0,38600.0,20400.0,21200.0,22100.0,23400.0,23800.0,24100.0,25000.0,25600.0,26400.0,27100.0,27800.0,26400.0,3,1.0
2532,2014.0,814.0,1,AT11,,0,2,,1,,,32,0,2.0,,24100.0,,2000.0,300.0,2.0,,,,20400.0,21200.0,22100.0,23400.0,23800.0,24100.0,25000.0,25600.0,26400.0,27100.0,27800.0,26400.0,3,0.0
675,2019.0,923.0,1,AT11,0,0,1,0,0,6,36.0,77,1,2.0,0,27800.0,3700.0,2200.0,700.0,2.0,2.0,5.0,39400.0,20400.0,21200.0,22100.0,23400.0,23800.0,24100.0,25000.0,25600.0,26400.0,27100.0,27800.0,26400.0,3,1.0
968301,2013.0,801.0,1,AT11,,0,3,,0,,,38,0,2.0,,23800.0,,2600.0,400.0,2.0,,,,20400.0,21200.0,22100.0,23400.0,23800.0,24100.0,25000.0,25600.0,26400.0,27100.0,27800.0,26400.0,3,0.0
2582,2014.0,814.0,1,AT11,,0,2,,,4,16.0,48,1,2.0,,24100.0,,2000.0,300.0,2.0,,,,20400.0,21200.0,22100.0,23400.0,23800.0,24100.0,25000.0,25600.0,26400.0,27100.0,27800.0,26400.0,3,0.0
2880,2015.0,843.0,1,AT11,1,1,2,0,1,1,1.0,38,1,2.0,1,25000.0,3800.0,1600.0,900.0,2.0,2.0,5.0,35900.0,20400.0,21200.0,22100.0,23400.0,23800.0,24100.0,25000.0,25600.0,26400.0,27100.0,27800.0,26400.0,3,1.0
2070,2014.0,814.0,1,AT11,,0,2,,1,,,33,0,2.0,,24100.0,,2000.0,300.0,2.0,,,,20400.0,21200.0,22100.0,23400.0,23800.0,24100.0,25000.0,25600.0,26400.0,27100.0,27800.0,26400.0,3,0.0
12853307,2011.0,753.0,1,AT11,0,0,1,,0,,,34,0,2.0,,22100.0,,,900.0,2.0,,,,20400.0,21200.0,22100.0,23400.0,23800.0,24100.0,25000.0,25600.0,26400.0,27100.0,27800.0,26400.0,3,0.0
2493,2014.0,814.0,1,AT11,1,1,2,,0,5,25.0,69,0,3.0,,24100.0,,2000.0,300.0,2.0,,,,20400.0,21200.0,22100.0,23400.0,23800.0,24100.0,25000.0,25600.0,26400.0,27100.0,27800.0,26400.0,3,1.0
2125,2015.0,843.0,1,AT11,1,1,2,0,1,2,4.0,34,1,3.0,1,25000.0,3800.0,1600.0,900.0,2.0,2.0,5.0,35900.0,20400.0,21200.0,22100.0,23400.0,23800.0,24100.0,25000.0,25600.0,26400.0,27100.0,27800.0,26400.0,3,1.0
968306,2012.0,773.0,1,AT11,1,0,3,,1,,,74,0,1.0,,23400.0,,,1300.0,2.0,,,,20400.0,21200.0,22100.0,23400.0,23800.0,24100.0,25000.0,25600.0,26400.0,27100.0,27800.0,26400.0,3,0.0
852309,2012.0,781.0,1,AT11,0,0,2,,0,,,41,0,1.0,,23400.0,,,1300.0,2.0,,,,20400.0,21200.0,22100.0,23400.0,23800.0,24100.0,25000.0,25600.0,26400.0,27100.0,27800.0,26400.0,3,0.0
12657304,2011.0,753.0,1,AT11,1,1,1,,1,6,36.0,84,0,2.0,,22100.0,,,900.0,2.0,,,,20400.0,21200.0,22100.0,23400.0,23800.0,24100.0,25000.0,25600.0,26400.0,27100.0,27800.0,26400.0,3,1.0
2221,2016.0,862.0,1,AT11,1,1,2,0,1,,,54,0,3.0,1,25600.0,3500.0,1800.0,600.0,2.0,2.0,5.0,36600.0,20400.0,21200.0,22100.0,23400.0,23800.0,24100.0,25000.0,25600.0,26400.0,27100.0,27800.0,26400.0,3,0.0
9881,2015.0,831.0,1,AT11,,0,1,,0,3,9.0,69,1,1.0,0,25000.0,3800.0,1600.0,900.0,2.0,2.0,5.0,35900.0,20400.0,21200.0,22100.0,23400.0,23800.0,24100.0,25000.0,25600.0,26400.0,27100.0,27800.0,26400.0,3,0.0
520,2014.0,823.0,1,AT11,,0,2,,1,5,25.0,64,0,2.0,,24100.0,,2000.0,300.0,2.0,,,,20400.0,21200.0,22100.0,23400.0,23800.0,24100.0,25000.0,25600.0,26400.0,27100.0,27800.0,26400.0,3,0.0
931,2014.0,814.0,1,AT11,0,0,1,,0,8,64.0,58,0,1.0,,24100.0,,2000.0,300.0,2.0,,,,20400.0,21200.0,22100.0,23400.0,23800.0,24100.0,25000.0,25600.0,26400.0,27100.0,27800.0,26400.0,3,1.0
1115,2019.0,915.0,1,AT11,0,1,3,0,0,2,4.0,27,0,2.0,1,27800.0,3700.0,2200.0,700.0,2.0,2.0,5.0,39400.0,20400.0,21200.0,22100.0,23400.0,23800.0,24100.0,25000.0,25600.0,26400.0,27100.0,27800.0,26400.0,3,1.0
2085,2016.0,852.0,1,AT11,0,0,1,,,10,100.0,51,0,3.0,1,25600.0,3500.0,1800.0,600.0,2.0,2.0,5.0,36600.0,20400.0,21200.0,22100.0,23400.0,23800.0,24100.0,25000.0,25600.0,26400.0,27100.0,27800.0,26400.0,3,0.0
200001,2011.0,763.0,1,AT11,1,1,2,,1,,,25,1,3.0,,22100.0,,,900.0,2.0,,,,20400.0,21200.0,22100.0,23400.0,23800.0,24100.0,25000.0,25600.0,26400.0,27100.0,27800.0,26400.0,3,0.0
1205,2014.0,814.0,1,AT11,0,0,2,,0,5,25.0,89,1,1.0,,24100.0,,2000.0,300.0,2.0,,,,20400.0,21200.0,22100.0,23400.0,23800.0,24100.0,25000.0,25600.0,26400.0,27100.0,27800.0,26400.0,3,1.0
1204,2014.0,814.0,1,AT11,0,0,2,,0,7,49.0,80,1,1.0,,24100.0,,2000.0,300.0,2.0,,,,20400.0,21200.0,22100.0,23400.0,23800.0,24100.0,25000.0,25600.0,26400.0,27100.0,27800.0,26400.0,3,1.0
968313,2013.0,801.0,1,AT11,0,0,2,,0,,,69,1,1.0,,23800.0,,2600.0,400.0,2.0,,,,20400.0,21200.0,22100.0,23400.0,23800.0,24100.0,25000.0,25600.0,26400.0,27100.0,27800.0,26400.0,3,0.0
672,2019.0,923.0,1,AT11,0,0,2,0,0,7,49.0,73,0,2.0,0,27800.0,3700.0,2200.0,700.0,2.0,2.0,5.0,39400.0,20400.0,21200.0,22100.0,23400.0,23800.0,24100.0,25000.0,25600.0,26400.0,27100.0,27800.0,26400.0,3,1.0
968310,2012.0,773.0,1,AT11,0,0,2,,1,,,65,1,1.0,,23400.0,,,1300.0,2.0,,,,20400.0,21200.0,22100.0,23400.0,23800.0,24100.0,25000.0,25600.0,26400.0,27100.0,27800.0,26400.0,3,0.0
968309,2013.0,793.0,1,AT11,,0,3,,1,,,67,1,1.0,,23800.0,,2600.0,400.0,2.0,,,,20400.0,21200.0,22100.0,23400.0,23800.0,24100.0,25000.0,25600.0,26400.0,27100.0,27800.0,26400.0,3,0.0
2255,2017.0,873.0,1,AT11,1,1,3,0,1,,,21,1,3.0,0,26400.0,3000.0,2300.0,800.0,2.0,2.0,5.0,37200.0,20400.0,21200.0,22100.0,23400.0,23800.0,24100.0,25000.0,25600.0,26400.0,27100.0,27800.0,26400.0,3,0.0
9890,2015.0,831.0,1,AT11,0,0,1,,0,3,9.0,43,1,2.0,1,25000.0,3800.0,1600.0,900.0,2.0,2.0,5.0,35900.0,20400.0,21200.0,22100.0,23400.0,23800.0,24100.0,25000.0,25600.0,26400.0,27100.0,27800.0,26400.0,3,1.0
856411,2014.0,812.0,1,AT11,,0,1,,,7,49.0,31,1,2.0,,24100.0,,2000.0,300.0,2.0,,,,20400.0,21200.0,22100.0,23400.0,23800.0,24100.0,25000.0,25600.0,26400.0,27100.0,27800.0,26400.0,3,0.0
2113,2019.0,915.0,1,AT11,1,1,2,0,1,4,16.0,31,1,3.0,1,27800.0,3700.0,2200.0,700.0,2.0,2.0,5.0,39400.0,20400.0,21200.0,22100.0,23400.0,23800.0,24100.0,25000.0,25600.0,26400.0,27100.0,27800.0,26400.0,3,1.0
10266,2015.0,831.0,1,AT11,1,0,2,,1,,,64,1,,0,25000.0,3800.0,1600.0,900.0,2.0,2.0,5.0,35900.0,20400.0,21200.0,22100.0,23400.0,23800.0,24100.0,25000.0,25600.0,26400.0,27100.0,27800.0,26400.0,3,0.0
12850512,2010.0,742.0,1,AT11,1,1,2,,1,6,36.0,51,1,2.0,,21200.0,,,,2.0,,,,20400.0,21200.0,22100.0,23400.0,23800.0,24100.0,25000.0,25600.0,26400.0,27100.0,27800.0,26400.0,3,1.0
2554,2015.0,843.0,1,AT11,1,1,2,0,1,,,49,0,1.0,1,25000.0,3800.0,1600.0,900.0,2.0,2.0,5.0,35900.0,20400.0,21200.0,22100.0,23400.0,23800.0,24100.0,25000.0,25600.0,26400.0,27100.0,27800.0,26400.0,3,0.0
10269,2015.0,831.0,1,AT11,1,1,3,,1,,,52,0,3.0,1,25000.0,3800.0,1600.0,900.0,2.0,2.0,5.0,35900.0,20400.0,21200.0,22100.0,23400.0,23800.0,24100.0,25000.0,25600.0,26400.0,27100.0,27800.0,26400.0,3,0.0
1168,2019.0,923.0,1,AT11,0,0,1,0,0,7,49.0,75,0,1.0,0,27800.0,3700.0,2200.0,700.0,2.0,2.0,5.0,39400.0,20400.0,21200.0,22100.0,23400.0,23800.0,24100.0,25000.0,25600.0,26400.0,27100.0,27800.0,26400.0,3,1.0
968307,2012.0,781.0,1,AT11,0,0,2,,1,,,55,1,1.0,,23400.0,,,1300.0,2.0,,,,20400.0,21200.0,22100.0,23400.0,23800.0,24100.0,25000.0,25600.0,26400.0,27100.0,27800.0,26400.0,3,0.0
857144,2013.0,793.0,1,AT11,1,0,3,,1,,,27,0,2.0,,23800.0,,2600.0,400.0,2.0,,,,20400.0,21200.0,22100.0,23400.0,23800.0,24100.0,25000.0,25600.0,26400.0,27100.0,27800.0,26400.0,3,0.0
1955,2019.0,915.0,1,AT11,1,0,1,0,1,5,25.0,61,1,2.0,0,27800.0,3700.0,2200.0,700.0,2.0,2.0,5.0,39400.0,20400.0,21200.0,22100.0,23400.0,23800.0,24100.0,25000.0,25600.0,26400.0,27100.0,27800.0,26400.0,3,1.0
857222,2012.0,781.0,1,AT11,0,1,1,,1,,,56,0,2.0,,23400.0,,,1300.0,2.0,,,,20400.0,21200.0,22100.0,23400.0,23800.0,24100.0,25000.0,25600.0,26400.0,27100.0,27800.0,26400.0,3,0.0
362,2015.0,843.0,1,AT11,0,0,2,0,0,5,25.0,43,1,3.0,1,25000.0,3800.0,1600.0,900.0,2.0,2.0,5.0,35900.0,20400.0,21200.0,22100.0,23400.0,23800.0,24100.0,25000.0,25600.0,26400.0,27100.0,27800.0,26400.0,3,1.0
893,2017.0,873.0,1,AT11,1,1,2,0,1,5,25.0,64,1,2.0,0,26400.0,3000.0,2300.0,800.0,2.0,2.0,5.0,37200.0,20400.0,21200.0,22100.0,23400.0,23800.0,24100.0,25000.0,25600.0,26400.0,27100.0,27800.0,26400.0,3,1.0
885,2017.0,873.0,1,AT11,1,1,2,0,1,1,1.0,52,1,3.0,1,26400.0,3000.0,2300.0,800.0,2.0,2.0,5.0,37200.0,20400.0,21200.0,22100.0,23400.0,23800.0,24100.0,25000.0,25600.0,26400.0,27100.0,27800.0,26400.0,3,1.0
857224,2012.0,781.0,1,AT11,1,0,1,,1,,,37,1,2.0,,23400.0,,,1300.0,2.0,,,,20400.0,21200.0,22100.0,23400.0,23800.0,24100.0,25000.0,25600.0,26400.0,27100.0,27800.0,26400.0,3,0.0
200006,2011.0,763.0,1,AT11,,0,2,,1,,,60,1,2.0,,22100.0,,,900.0,2.0,,,,20400.0,21200.0,22100.0,23400.0,23800.0,24100.0,25000.0,25600.0,26400.0,27100.0,27800.0,26400.0,3,0.0
400003,2011.0,763.0,1,AT11,1,1,3,,1,,,54,1,3.0,,22100.0,,,900.0,2.0,,,,20400.0,21200.0,22100.0,23400.0,23800.0,24100.0,25000.0,25600.0,26400.0,27100.0,27800.0,26400.0,3,0.0
856405,2013.0,801.0,1,AT11,,0,1,,,,,32,1,3.0,,23800.0,,2600.0,400.0,2.0,,,,20400.0,21200.0,22100.0,23400.0,23800.0,24100.0,25000.0,25600.0,26400.0,27100.0,27800.0,26400.0,3,0.0
1238,2019.0,923.0,1,AT11,0,0,2,0,0,2,4.0,35,0,3.0,0,27800.0,3700.0,2200.0,700.0,2.0,2.0,5.0,39400.0,20400.0,21200.0,22100.0,23400.0,23800.0,24100.0,25000.0,25600.0,26400.0,27100.0,27800.0,26400.0,3,1.0
830,2017.0,873.0,1,AT11,0,0,3,0,1,,,64,1,2.0,0,26400.0,3000.0,2300.0,800.0,2.0,2.0,5.0,37200.0,20400.0,21200.0,22100.0,23400.0,23800.0,24100.0,25000.0,25600.0,26400.0,27100.0,27800.0,26400.0,3,0.0
896405,2013.0,801.0,1,AT11,0,0,1,,0,,,44,0,2.0,,23800.0,,2600.0,400.0,2.0,,,,20400.0,21200.0,22100.0,23400.0,23800.0,24100.0,25000.0,25600.0,26400.0,27100.0,27800.0,26400.0,3,0.0
2878,2015.0,833.0,1,AT11,0,0,2,,0,10,100.0,48,1,3.0,1,25000.0,3800.0,1600.0,900.0,2.0,2.0,5.0,35900.0,20400.0,21200.0,22100.0,23400.0,23800.0,24100.0,25000.0,25600.0,26400.0,27100.0,27800.0,26400.0,3,1.0
2881,2015.0,843.0,1,AT11,1,1,3,0,1,2,4.0,27,1,3.0,1,25000.0,3800.0,1600.0,900.0,2.0,2.0,5.0,35900.0,20400.0,21200.0,22100.0,23400.0,23800.0,24100.0,25000.0,25600.0,26400.0,27100.0,27800.0,26400.0,3,1.0
876138,2013.0,801.0,1,AT11,1,0,2,,1,,,58,0,2.0,,23800.0,,2600.0,400.0,2.0,,,,20400.0,21200.0,22100.0,23400.0,23800.0,24100.0,25000.0,25600.0,26400.0,27100.0,27800.0,26400.0,3,0.0
968304,2012.0,773.0,1,AT11,1,1,3,,1,,,62,1,2.0,,23400.0,,,1300.0,2.0,,,,20400.0,21200.0,22100.0,23400.0,23800.0,24100.0,25000.0,25600.0,26400.0,27100.0,27800.0,26400.0,3,0.0
681,2017.0,873.0,1,AT11,,0,2,0,1,,,68,0,2.0,0,26400.0,3000.0,2300.0,800.0,2.0,2.0,5.0,37200.0,20400.0,21200.0,22100.0,23400.0,23800.0,24100.0,25000.0,25600.0,26400.0,27100.0,27800.0,26400.0,3,0.0
968303,2011.0,763.0,1,AT11,1,1,2,,1,,,60,0,2.0,,22100.0,,,900.0,2.0,,,,20400.0,21200.0,22100.0,23400.0,23800.0,24100.0,25000.0,25600.0,26400.0,27100.0,27800.0,26400.0,3,0.0
857303,2011.0,763.0,1,AT11,1,1,3,,1,,,58,1,2.0,,22100.0,,,900.0,2.0,,,,20400.0,21200.0,22100.0,23400.0,23800.0,24100.0,25000.0,25600.0,26400.0,27100.0,27800.0,26400.0,3,0.0
2877,2015.0,833.0,1,AT11,0,1,2,,1,1,1.0,38,0,3.0,1,25000.0,3800.0,1600.0,900.0,2.0,2.0,5.0,35900.0,20400.0,21200.0,22100.0,23400.0,23800.0,24100.0,25000.0,25600.0,26400.0,27100.0,27800.0,26400.0,3,1.0
12850508,2010.0,742.0,1,AT11,,0,1,,,6,36.0,43,0,2.0,,21200.0,,,,2.0,,,,20400.0,21200.0,22100.0,23400.0,23800.0,24100.0,25000.0,25600.0,26400.0,27100.0,27800.0,26400.0,3,0.0
507,2014.0,823.0,1,AT11,0,0,1,,0,8,64.0,31,1,2.0,,24100.0,,2000.0,300.0,2.0,,,,20400.0,21200.0,22100.0,23400.0,23800.0,24100.0,25000.0,25600.0,26400.0,27100.0,27800.0,26400.0,3,1.0
896407,2013.0,801.0,1,AT11,0,0,1,,0,,,44,1,1.0,,23800.0,,2600.0,400.0,2.0,,,,20400.0,21200.0,22100.0,23400.0,23800.0,24100.0,25000.0,25600.0,26400.0,27100.0,27800.0,26400.0,3,0.0
857317,2011.0,763.0,1,AT11,0,0,2,,0,,,69,1,2.0,,22100.0,,,900.0,2.0,,,,20400.0,21200.0,22100.0,23400.0,23800.0,24100.0,25000.0,25600.0,26400.0,27100.0,27800.0,26400.0,3,0.0
915,2019.0,923.0,1,AT11,1,1,2,0,1,3,9.0,54,0,3.0,1,27800.0,3700.0,2200.0,700.0,2.0,2.0,5.0,39400.0,20400.0,21200.0,22100.0,23400.0,23800.0,24100.0,25000.0,25600.0,26400.0,27100.0,27800.0,26400.0,3,1.0
2564,2014.0,814.0,1,AT11,1,1,2,,1,1,1.0,58,1,3.0,,24100.0,,2000.0,300.0,2.0,,,,20400.0,21200.0,22100.0,23400.0,23800.0,24100.0,25000.0,25600.0,26400.0,27100.0,27800.0,26400.0,3,1.0
1998,2016.0,862.0,1,AT11,0,1,2,0,1,4,16.0,58,1,3.0,1,25600.0,3500.0,1800.0,600.0,2.0,2.0,5.0,36600.0,20400.0,21200.0,22100.0,23400.0,23800.0,24100.0,25000.0,25600.0,26400.0,27100.0,27800.0,26400.0,3,1.0
857320,2012.0,773.0,1,AT11,,0,3,,1,,,29,1,2.0,,23400.0,,,1300.0,2.0,,,,20400.0,21200.0,22100.0,23400.0,23800.0,24100.0,25000.0,25600.0,26400.0,27100.0,27800.0,26400.0,3,0.0
2401,2016.0,852.0,1,AT11,,1,3,,,2,4.0,24,1,3.0,0,25600.0,3500.0,1800.0,600.0,2.0,2.0,5.0,36600.0,20400.0,21200.0,22100.0,23400.0,23800.0,24100.0,25000.0,25600.0,26400.0,27100.0,27800.0,26400.0,3,0.0
2071,2014.0,823.0,1,AT11,1,1,2,,1,2,4.0,49,0,3.0,,24100.0,,2000.0,300.0,2.0,,,,20400.0,21200.0,22100.0,23400.0,23800.0,24100.0,25000.0,25600.0,26400.0,27100.0,27800.0,26400.0,3,1.0
12850513,2010.0,742.0,1,AT11,1,1,2,,1,5,25.0,38,1,2.0,,21200.0,,,,2.0,,,,20400.0,21200.0,22100.0,23400.0,23800.0,24100.0,25000.0,25600.0,26400.0,27100.0,27800.0,26400.0,3,1.0
968309,2011.0,763.0,1,AT11,0,0,3,,1,,,71,0,1.0,,22100.0,,,900.0,2.0,,,,20400.0,21200.0,22100.0,23400.0,23800.0,24100.0,25000.0,25600.0,26400.0,27100.0,27800.0,26400.0,3,0.0
876105,2014.0,812.0,1,AT11,,0,3,,,6,36.0,33,0,2.0,,24100.0,,2000.0,300.0,2.0,,,,20400.0,21200.0,22100.0,23400.0,23800.0,24100.0,25000.0,25600.0,26400.0,27100.0,27800.0,26400.0,3,0.0
2255,2014.0,814.0,1,AT11,0,1,1,,0,7,49.0,45,0,3.0,,24100.0,,2000.0,300.0,2.0,,,,20400.0,21200.0,22100.0,23400.0,23800.0,24100.0,25000.0,25600.0,26400.0,27100.0,27800.0,26400.0,3,1.0
876115,2014.0,812.0,1,AT11,,0,2,,1,7,49.0,50,0,2.0,,24100.0,,2000.0,300.0,2.0,,,,20400.0,21200.0,22100.0,23400.0,23800.0,24100.0,25000.0,25600.0,26400.0,27100.0,27800.0,26400.0,3,0.0
1958,2019.0,915.0,1,AT11,1,0,2,0,1,5,25.0,67,0,2.0,0,27800.0,3700.0,2200.0,700.0,2.0,2.0,5.0,39400.0,20400.0,21200.0,22100.0,23400.0,23800.0,24100.0,25000.0,25600.0,26400.0,27100.0,27800.0,26400.0,3,1.0
896405,2014.0,812.0,1,AT11,1,0,1,,1,3,9.0,60,1,1.0,,24100.0,,2000.0,300.0,2.0,,,,20400.0,21200.0,22100.0,23400.0,23800.0,24100.0,25000.0,25600.0,26400.0,27100.0,27800.0,26400.0,3,1.0
828,2017.0,873.0,1,AT11,1,1,3,0,0,2,4.0,41,1,2.0,1,26400.0,3000.0,2300.0,800.0,2.0,2.0,5.0,37200.0,20400.0,21200.0,22100.0,23400.0,23800.0,24100.0,25000.0,25600.0,26400.0,27100.0,27800.0,26400.0,3,1.0
2285,2016.0,852.0,1,AT11,0,1,2,,0,1,1.0,41,0,2.0,1,25600.0,3500.0,1800.0,600.0,2.0,2.0,5.0,36600.0,20400.0,21200.0,22100.0,23400.0,23800.0,24100.0,25000.0,25600.0,26400.0,27100.0,27800.0,26400.0,3,1.0
857114,2013.0,793.0,1,AT11,0,0,1,,1,,,62,1,2.0,,23800.0,,2600.0,400.0,2.0,,,,20400.0,21200.0,22100.0,23400.0,23800.0,24100.0,25000.0,25600.0,26400.0,27100.0,27800.0,26400.0,3,0.0
2082,2014.0,814.0,1,AT11,0,0,2,,0,7,49.0,42,0,2.0,,24100.0,,2000.0,300.0,2.0,,,,20400.0,21200.0,22100.0,23400.0,23800.0,24100.0,25000.0,25600.0,26400.0,27100.0,27800.0,26400.0,3,1.0
1756,2016.0,862.0,1,AT11,1,1,3,0,1,,,33,1,2.0,1,25600.0,3500.0,1800.0,600.0,2.0,2.0,5.0,36600.0,20400.0,21200.0,22100.0,23400.0,23800.0,24100.0,25000.0,25600.0,26400.0,27100.0,27800.0,26400.0,3,0.0
1116,2019.0,915.0,1,AT11,1,1,2,0,1,2,4.0,25,1,3.0,1,27800.0,3700.0,2200.0,700.0,2.0,2.0,5.0,39400.0,20400.0,21200.0,22100.0,23400.0,23800.0,24100.0,25000.0,25600.0,26400.0,27100.0,27800.0,26400.0,3,1.0
2388,2016.0,852.0,1,AT11,,0,1,,1,,,40,1,2.0,1,25600.0,3500.0,1800.0,600.0,2.0,2.0,5.0,36600.0,20400.0,21200.0,22100.0,23400.0,23800.0,24100.0,25000.0,25600.0,26400.0,27100.0,27800.0,26400.0,3,0.0
12968308,2011.0,753.0,1,AT11,0,0,3,,1,8,64.0,36,0,2.0,,22100.0,,,900.0,2.0,,,,20400.0,21200.0,22100.0,23400.0,23800.0,24100.0,25000.0,25600.0,26400.0,27100.0,27800.0,26400.0,3,1.0
2002,2018.0,903.0,1,AT11,1,1,2,0,1,2,4.0,34,0,2.0,1,27100.0,3300.0,2100.0,700.0,2.0,2.0,5.0,38600.0,20400.0,21200.0,22100.0,23400.0,23800.0,24100.0,25000.0,25600.0,26400.0,27100.0,27800.0,26400.0,3,1.0
1998,2018.0,903.0,1,AT11,1,1,2,0,1,3,9.0,34,1,2.0,1,27100.0,3300.0,2100.0,700.0,2.0,2.0,5.0,38600.0,20400.0,21200.0,22100.0,23400.0,23800.0,24100.0,25000.0,25600.0,26400.0,27100.0,27800.0,26400.0,3,1.0
890,2017.0,873.0,1,AT11,1,1,2,0,1,5,25.0,68,1,3.0,0,26400.0,3000.0,2300.0,800.0,2.0,2.0,5.0,37200.0,20400.0,21200.0,22100.0,23400.0,23800.0,24100.0,25000.0,25600.0,26400.0,27100.0,27800.0,26400.0,3,1.0
1419,2016.0,862.0,1,AT11,1,1,3,0,1,,,29,1,3.0,0,25600.0,3500.0,1800.0,600.0,2.0,2.0,5.0,36600.0,20400.0,21200.0,22100.0,23400.0,23800.0,24100.0,25000.0,25600.0,26400.0,27100.0,27800.0,26400.0,3,0.0
508,2014.0,823.0,1,AT11,0,0,1,,0,5,25.0,39,1,3.0,,24100.0,,2000.0,300.0,2.0,,,,20400.0,21200.0,22100.0,23400.0,23800.0,24100.0,25000.0,25600.0,26400.0,27100.0,27800.0,26400.0,3,1.0
968305,2011.0,763.0,1,AT11,0,0,2,,0,,,76,0,1.0,,22100.0,,,900.0,2.0,,,,20400.0,21200.0,22100.0,23400.0,23800.0,24100.0,25000.0,25600.0,26400.0,27100.0,27800.0,26400.0,3,0.0
968307,2013.0,801.0,1,AT11,,0,3,,1,,,41,1,2.0,,23800.0,,2600.0,400.0,2.0,,,,20400.0,21200.0,22100.0,23400.0,23800.0,24100.0,25000.0,25600.0,26400.0,27100.0,27800.0,26400.0,3,0.0
1457,2018.0,903.0,1,AT11,1,1,2,0,1,2,4.0,27,1,2.0,1,27100.0,3300.0,2100.0,700.0,2.0,2.0,5.0,38600.0,20400.0,21200.0,22100.0,23400.0,23800.0,24100.0,25000.0,25600.0,26400.0,27100.0,27800.0,26400.0,3,1.0
1464,2018.0,903.0,1,AT11,1,1,2,0,1,3,9.0,37,0,2.0,1,27100.0,3300.0,2100.0,700.0,2.0,2.0,5.0,38600.0,20400.0,21200.0,22100.0,23400.0,23800.0,24100.0,25000.0,25600.0,26400.0,27100.0,27800.0,26400.0,3,1.0
2557,2014.0,814.0,1,AT11,0,0,1,,0,3,9.0,42,0,3.0,,24100.0,,2000.0,300.0,2.0,,,,20400.0,21200.0,22100.0,23400.0,23800.0,24100.0,25000.0,25600.0,26400.0,27100.0,27800.0,26400.0,3,1.0
12940807,2010.0,742.0,1,AT11,1,1,2,,1,5,25.0,57,0,2.0,,21200.0,,,,2.0,,,,20400.0,21200.0,22100.0,23400.0,23800.0,24100.0,25000.0,25600.0,26400.0,27100.0,27800.0,26400.0,3,1.0
933,2014.0,814.0,1,AT11,0,0,2,,0,5,25.0,47,0,1.0,,24100.0,,2000.0,300.0,2.0,,,,20400.0,21200.0,22100.0,23400.0,23800.0,24100.0,25000.0,25600.0,26400.0,27100.0,27800.0,26400.0,3,1.0
876136,2013.0,801.0,1,AT11,1,0,2,,1,,,26,1,2.0,,23800.0,,2600.0,400.0,2.0,,,,20400.0,21200.0,22100.0,23400.0,23800.0,24100.0,25000.0,25600.0,26400.0,27100.0,27800.0,26400.0,3,0.0
12853306,2011.0,753.0,1,AT11,0,0,1,,0,,,15,1,1.0,,22100.0,,,900.0,2.0,,,,20400.0,21200.0,22100.0,23400.0,23800.0,24100.0,25000.0,25600.0,26400.0,27100.0,27800.0,26400.0,3,0.0
12943813,2011.0,753.0,1,AT11,0,0,2,,1,5,25.0,47,1,2.0,,22100.0,,,900.0,2.0,,,,20400.0,21200.0,22100.0,23400.0,23800.0,24100.0,25000.0,25600.0,26400.0,27100.0,27800.0,26400.0,3,1.0
2259,2014.0,814.0,1,AT11,,0,2,,,4,16.0,48,1,0.0,,24100.0,,2000.0,300.0,2.0,,,,20400.0,21200.0,22100.0,23400.0,23800.0,24100.0,25000.0,25600.0,26400.0,27100.0,27800.0,26400.0,3,0.0
707,2017.0,883.0,1,AT11,0,0,,0,0,,,51,0,2.0,1,26400.0,3000.0,2300.0,800.0,2.0,2.0,5.0,37200.0,20400.0,21200.0,22100.0,23400.0,23800.0,24100.0,25000.0,25600.0,26400.0,27100.0,27800.0,26400.0,3,0.0
857230,2012.0,781.0,1,AT11,0,0,2,,1,,,23,1,2.0,,23400.0,,,1300.0,2.0,,,,20400.0,21200.0,22100.0,23400.0,23800.0,24100.0,25000.0,25600.0,26400.0,27100.0,27800.0,26400.0,3,0.0
885,2019.0,923.0,1,AT11,1,1,3,0,0,6,36.0,38,1,3.0,1,27800.0,3700.0,2200.0,700.0,2.0,2.0,5.0,39400.0,20400.0,21200.0,22100.0,23400.0,23800.0,24100.0,25000.0,25600.0,26400.0,27100.0,27800.0,26400.0,3,1.0
2298,2014.0,814.0,1,AT11,,1,1,,0,4,16.0,67,1,2.0,,24100.0,,2000.0,300.0,2.0,,,,20400.0,21200.0,22100.0,23400.0,23800.0,24100.0,25000.0,25600.0,26400.0,27100.0,27800.0,26400.0,3,0.0
2044,2016.0,862.0,1,AT11,0,0,3,0,0,8,64.0,39,0,2.0,1,25600.0,3500.0,1800.0,600.0,2.0,2.0,5.0,36600.0,20400.0,21200.0,22100.0,23400.0,23800.0,24100.0,25000.0,25600.0,26400.0,27100.0,27800.0,26400.0,3,1.0
857315,2012.0,773.0,1,AT11,1,1,1,,1,,,55,1,2.0,,23400.0,,,1300.0,2.0,,,,20400.0,21200.0,22100.0,23400.0,23800.0,24100.0,25000.0,25600.0,26400.0,27100.0,27800.0,26400.0,3,0.0
857305,2012.0,773.0,1,AT11,0,1,2,,1,,,58,0,2.0,,23400.0,,,1300.0,2.0,,,,20400.0,21200.0,22100.0,23400.0,23800.0,24100.0,25000.0,25600.0,26400.0,27100.0,27800.0,26400.0,3,0.0
857307,2011.0,763.0,1,AT11,0,1,3,,1,,,36,0,2.0,,22100.0,,,900.0,2.0,,,,20400.0,21200.0,22100.0,23400.0,23800.0,24100.0,25000.0,25600.0,26400.0,27100.0,27800.0,26400.0,3,0.0
502,2014.0,823.0,1,AT11,0,0,2,,0,6,36.0,44,0,2.0,,24100.0,,2000.0,300.0,2.0,,,,20400.0,21200.0,22100.0,23400.0,23800.0,24100.0,25000.0,25600.0,26400.0,27100.0,27800.0,26400.0,3,1.0
1701,2015.0,833.0,1,AT11,0,0,2,,0,3,9.0,42,1,3.0,1,25000.0,3800.0,1600.0,900.0,2.0,2.0,5.0,35900.0,20400.0,21200.0,22100.0,23400.0,23800.0,24100.0,25000.0,25600.0,26400.0,27100.0,27800.0,26400.0,3,1.0
2288,2016.0,852.0,1,AT11,1,1,2,,1,5,25.0,29,0,2.0,1,25600.0,3500.0,1800.0,600.0,2.0,2.0,5.0,36600.0,20400.0,21200.0,22100.0,23400.0,23800.0,24100.0,25000.0,25600.0,26400.0,27100.0,27800.0,26400.0,3,1.0
2484,2014.0,814.0,1,AT11,0,0,2,,0,5,25.0,73,1,2.0,,24100.0,,2000.0,300.0,2.0,,,,20400.0,21200.0,22100.0,23400.0,23800.0,24100.0,25000.0,25600.0,26400.0,27100.0,27800.0,26400.0,3,1.0
968307,2011.0,763.0,1,AT11,0,0,2,,1,,,66,1,1.0,,22100.0,,,900.0,2.0,,,,20400.0,21200.0,22100.0,23400.0,23800.0,24100.0,25000.0,25600.0,26400.0,27100.0,27800.0,26400.0,3,0.0
1423,2016.0,862.0,1,AT11,0,0,1,0,0,,,71,0,2.0,0,25600.0,3500.0,1800.0,600.0,2.0,2.0,5.0,36600.0,20400.0,21200.0,22100.0,23400.0,23800.0,24100.0,25000.0,25600.0,26400.0,27100.0,27800.0,26400.0,3,0.0
2001,2018.0,903.0,1,AT11,1,1,2,0,1,4,16.0,46,1,3.0,1,27100.0,3300.0,2100.0,700.0,2.0,2.0,5.0,38600.0,20400.0,21200.0,22100.0,23400.0,23800.0,24100.0,25000.0,25600.0,26400.0,27100.0,27800.0,26400.0,3,1.0
669,2019.0,923.0,1,AT11,0,0,2,1,0,1,1.0,37,1,3.0,1,27800.0,3700.0,2200.0,700.0,2.0,2.0,5.0,39400.0,20400.0,21200.0,22100.0,23400.0,23800.0,24100.0,25000.0,25600.0,26400.0,27100.0,27800.0,26400.0,3,1.0
2063,2014.0,823.0,1,AT11,0,0,1,,0,5,25.0,59,1,,,24100.0,,2000.0,300.0,2.0,,,,20400.0,21200.0,22100.0,23400.0,23800.0,24100.0,25000.0,25600.0,26400.0,27100.0,27800.0,26400.0,3,0.0
10265,2015.0,831.0,1,AT11,0,0,3,,0,,,61,0,2.0,1,25000.0,3800.0,1600.0,900.0,2.0,2.0,5.0,35900.0,20400.0,21200.0,22100.0,23400.0,23800.0,24100.0,25000.0,25600.0,26400.0,27100.0,27800.0,26400.0,3,0.0
612,2015.0,833.0,1,AT11,,,3,,1,,,49,0,2.0,0,25000.0,3800.0,1600.0,900.0,2.0,2.0,5.0,35900.0,20400.0,21200.0,22100.0,23400.0,23800.0,24100.0,25000.0,25600.0,26400.0,27100.0,27800.0,26400.0,3,0.0
1458,2018.0,903.0,1,AT11,1,0,2,0,1,1,1.0,37,1,2.0,1,27100.0,3300.0,2100.0,700.0,2.0,2.0,5.0,38600.0,20400.0,21200.0,22100.0,23400.0,23800.0,24100.0,25000.0,25600.0,26400.0,27100.0,27800.0,26400.0,3,1.0
856415,2014.0,812.0,1,AT11,0,0,1,,1,6,36.0,62,0,1.0,,24100.0,,2000.0,300.0,2.0,,,,20400.0,21200.0,22100.0,23400.0,23800.0,24100.0,25000.0,25600.0,26400.0,27100.0,27800.0,26400.0,3,1.0
1702,2015.0,833.0,1,AT11,1,0,2,,1,4,16.0,37,0,3.0,1,25000.0,3800.0,1600.0,900.0,2.0,2.0,5.0,35900.0,20400.0,21200.0,22100.0,23400.0,23800.0,24100.0,25000.0,25600.0,26400.0,27100.0,27800.0,26400.0,3,1.0
968306,2012.0,781.0,1,AT11,1,1,2,,1,,,62,0,2.0,,23400.0,,,1300.0,2.0,,,,20400.0,21200.0,22100.0,23400.0,23800.0,24100.0,25000.0,25600.0,26400.0,27100.0,27800.0,26400.0,3,0.0
1498,2017.0,873.0,1,AT11,0,0,2,0,,,,63,1,3.0,0,26400.0,3000.0,2300.0,800.0,2.0,2.0,5.0,37200.0,20400.0,21200.0,22100.0,23400.0,23800.0,24100.0,25000.0,25600.0,26400.0,27100.0,27800.0,26400.0,3,0.0
2045,2014.0,823.0,1,AT11,0,0,1,,0,5,25.0,69,1,2.0,,24100.0,,2000.0,300.0,2.0,,,,20400.0,21200.0,22100.0,23400.0,23800.0,24100.0,25000.0,25600.0,26400.0,27100.0,27800.0,26400.0,3,1.0
9892,2015.0,831.0,1,AT11,,0,2,,1,6,36.0,65,1,2.0,0,25000.0,3800.0,1600.0,900.0,2.0,2.0,5.0,35900.0,20400.0,21200.0,22100.0,23400.0,23800.0,24100.0,25000.0,25600.0,26400.0,27100.0,27800.0,26400.0,3,0.0
2400,2016.0,852.0,1,AT11,1,1,2,,1,2,4.0,61,0,3.0,0,25600.0,3500.0,1800.0,600.0,2.0,2.0,5.0,36600.0,20400.0,21200.0,22100.0,23400.0,23800.0,24100.0,25000.0,25600.0,26400.0,27100.0,27800.0,26400.0,3,1.0
2271,2014.0,814.0,1,AT11,0,0,1,,0,6,36.0,61,0,2.0,,24100.0,,2000.0,300.0,2.0,,,,20400.0,21200.0,22100.0,23400.0,23800.0,24100.0,25000.0,25600.0,26400.0,27100.0,27800.0,26400.0,3,1.0
677,2016.0,852.0,1,AT11,0,,2,,0,,,68,0,2.0,0,25600.0,3500.0,1800.0,600.0,2.0,2.0,5.0,36600.0,20400.0,21200.0,22100.0,23400.0,23800.0,24100.0,25000.0,25600.0,26400.0,27100.0,27800.0,26400.0,3,0.0
1344,2014.0,814.0,1,AT11,0,0,2,,0,5,25.0,61,0,1.0,,24100.0,,2000.0,300.0,2.0,,,,20400.0,21200.0,22100.0,23400.0,23800.0,24100.0,25000.0,25600.0,26400.0,27100.0,27800.0,26400.0,3,1.0
12942209,2010.0,742.0,1,AT11,0,0,2,,0,6,36.0,42,1,2.0,,21200.0,,,,2.0,,,,20400.0,21200.0,22100.0,23400.0,23800.0,24100.0,25000.0,25600.0,26400.0,27100.0,27800.0,26400.0,3,1.0
916,2019.0,923.0,1,AT11,0,1,2,0,0,3,9.0,56,1,2.0,1,27800.0,3700.0,2200.0,700.0,2.0,2.0,5.0,39400.0,20400.0,21200.0,22100.0,23400.0,23800.0,24100.0,25000.0,25600.0,26400.0,27100.0,27800.0,26400.0,3,1.0
1424,2016.0,862.0,1,AT11,1,0,2,0,1,5,25.0,41,1,2.0,1,25600.0,3500.0,1800.0,600.0,2.0,2.0,5.0,36600.0,20400.0,21200.0,22100.0,23400.0,23800.0,24100.0,25000.0,25600.0,26400.0,27100.0,27800.0,26400.0,3,1.0
1493,2017.0,873.0,1,AT11,0,0,3,0,,,,59,1,2.0,0,26400.0,3000.0,2300.0,800.0,2.0,2.0,5.0,37200.0,20400.0,21200.0,22100.0,23400.0,23800.0,24100.0,25000.0,25600.0,26400.0,27100.0,27800.0,26400.0,3,0.0
2413,2017.0,883.0,1,AT11,0,,1,0,,,,54,0,3.0,1,26400.0,3000.0,2300.0,800.0,2.0,2.0,5.0,37200.0,20400.0,21200.0,22100.0,23400.0,23800.0,24100.0,25000.0,25600.0,26400.0,27100.0,27800.0,26400.0,3,0.0
